{
  "src": [
    "audio.ogg",
    "audio.mp3"
  ],
  "sprite": {
    "barkDucks": [
      0,
      2403.265306122449
    ],
    "champ": [
      4000,
      9639.183673469388
    ],
    "chirp": [
      15000,
      507.0068027210883
    ],
    "gunSound": [
      17000,
      504.0136054421751
    ],
    "laugh": [
      19000,
      1368.0045351473923
    ],
    "loserSound": [
      22000,
      3631.0204081632664
    ],
    "ohYeah": [
      27000,
      1071.020408163264
    ],
    "quacking": [
      30000,
      6817.959183673466,
      true
    ],
    "quak": [
      38000,
      783.6734693877575
    ],
    "sniff": [
      40000,
      1985.306122448982,
      true
    ],
    "swarm": [
      43000,
      7007.619047619045
    ],
    "thud": [
      52000,
      548.571428571428
    ],
    "woofbats": [
      54000,
      1990.1814058956902
    ]
  }
}